date,000300.SH,399905.SZ,000906.SH,000016.SH
2010/1/4,3535.229,4510.527,3687.938,2514.646
2010/1/5,3564.038,4557.475,3719.951,2543.991
2010/1/6,3541.727,4550.279,3700.765,2514.014
2010/1/7,3471.456,4459.155,3627.177,2463.758
2010/1/8,3480.13,4514.452,3644.729,2466.165
2010/1/11,3482.052,4542.949,3651.741,2478.81
2010/1/12,3534.916,4639.632,3712.509,2508.039
2010/1/13,3421.144,4591.024,3612.373,2399.642
2010/1/14,3469.051,4714.1,3674.253,2422.771
2010/1/15,3482.738,4747.648,3691.622,2427.807
2010/1/18,3500.684,4829.062,3721.588,2421.188
2010/1/19,3507.482,4830.016,3727.196,2432.713
2010/1/20,3394.434,4651.074,3602.596,2359.485
2010/1/21,3408.574,4667.209,3616.981,2377.753
2010/1/22,3366.197,4537.88,3558.311,2380.055
2010/1/25,3328.014,4481.16,3516.943,2353.471
2010/1/26,3242.797,4294.383,3413.078,2311.447
2010/1/27,3198.566,4267.113,3372.526,2264.605
2010/1/28,3206.57,4336.381,3392.197,2252.61
2010/1/29,3204.155,4374.649,3397.604,2243.994
2010/2/1,3152.707,4331.366,3348.218,2208.936
2010/2/2,3146.189,4301.768,3337.339,2214.033
2010/2/3,3230.715,4363.079,3416.596,2277.798
2010/2/4,3218.802,4408.441,3415.778,2261.358
2010/2/5,3153.087,4311.293,3344.672,2219.6
2010/2/8,3150.988,4310.894,3342.919,2211.135
2010/2/9,3169.19,4311.891,3357.647,2229.038
2010/2/10,3214.13,4366.25,3403.958,2259.99
2010/2/11,3220.398,4356.517,3407.098,2265.138
2010/2/12,3251.278,4416.219,3443.205,2284.386
2010/2/22,3233.345,4419.547,3429.527,2269.045
2010/2/23,3198.634,4459.155,3409.418,2227.952
2010/2/24,3244.483,4556.281,3464.661,2251.7
2010/2/25,3292.128,4629.965,3516.838,2282.64
2010/2/26,3281.666,4634.671,3509.384,2274.325
2010/3/1,3324.423,4686.266,3553.423,2311.075
2010/3/2,3311.236,4690.293,3543.662,2302.185
2010/3/3,3335.081,4758.434,3575.767,2311.841
2010/3/4,3250.573,4586.523,3475.321,2261.926
2010/3/5,3259.764,4604.586,3486.124,2267.939
2010/3/8,3286.178,4654.583,3516.803,2284.682
2010/3/9,3305.863,4660.126,3533.588,2302.393
2010/3/10,3279.694,4598.994,3500.969,2292.503
2010/3/11,3276.705,4562.872,3491.659,2300.043
2010/3/12,3233.126,4492.861,3443.433,2274.532
2010/3/15,3183.183,4454.76,3396.234,2240.731
2010/3/16,3203.971,4491.465,3419.871,2261.515
2010/3/17,3273.916,4616.053,3499.609,2307.083
2010/3/18,3267.555,4630.953,3497.379,2294.947
2010/3/19,3293.871,4663.903,3524.714,2310.546
2010/3/22,3302.628,4690.198,3536.745,2316.631
2010/3/23,3275.573,4658.626,3509.084,2292.004
2010/3/24,3276.669,4683.065,3514.637,2291.833
2010/3/25,3229.128,4620.749,3464.721,2259.141
2010/3/26,3275.002,4686.931,3514.045,2292.673
2010/3/29,3358.54,4723.611,3587.817,2363.976
2010/3/30,3366.708,4744.423,3598.327,2368.51
2010/3/31,3345.607,4756.157,3583.713,2350.818
2010/4/1,3391.935,4827.214,3634.333,2376.597
2010/4/2,3407.346,4843.175,3649.702,2379.194
2010/4/6,3405.145,4852.904,3649.806,2378.575
2010/4/7,3386.949,4863.639,3637.321,2362.281
2010/4/8,3346.744,4864.922,3605.441,2325.672
2010/4/9,3379.17,4939.176,3645.564,2345.754
2010/4/12,3351.478,4976.38,3630.558,2317.383
2010/4/13,3391.716,4919.873,3651.894,2364.837
2010/4/14,3403.707,4977.508,3672.507,2366.611
2010/4/15,3394.574,4914.747,3653.196,2366.572
2010/4/16,3356.332,4898.67,3619.561,2329.12
2010/4/19,3176.423,4688.836,3435.639,2210.82
2010/4/20,3173.374,4749.934,3444.898,2204.812
2010/4/21,3236.679,4893.978,3523.054,2238.501
2010/4/22,3201.541,4902.405,3496.586,2196.224
2010/4/23,3190.003,4864.164,3480.048,2185.155
2010/4/26,3171.997,4866.553,3466.116,2170.319
2010/4/27,3108.409,4739.269,3390.944,2131.841
2010/4/28,3097.353,4714.432,3377.356,2126.529
2010/4/29,3060.064,4561.4,3318.272,2124.392
2010/4/30,3067.365,4438.681,3300.621,2149.453
2010/5/4,3019.449,4434.131,3261.46,2109.812
2010/5/5,3036.394,4564.807,3300.011,2110.045
2010/5/6,2896.856,4419.781,3160.751,2007.012
2010/5/7,2836.789,4350.758,3099.544,1980.168
2010/5/10,2858.233,4269.108,3101.045,2007.522
2010/5/11,2800.817,4144.352,3031.285,1967.66
2010/5/12,2818.16,4042.516,3025.645,2001.131
2010/5/13,2886.911,4157.842,3102.656,2041.556
2010/5/14,2868.023,4184.841,3092.734,2019.73
2010/5/17,2714.715,3915.752,2918.724,1927.692
2010/5/18,2771.348,3972.154,2974.772,1968.37
2010/5/19,2762.174,3977.377,2968.442,1956.22
2010/5/20,2726.022,3901.257,2924.982,1925.244
2010/5/21,2768.791,3982.385,2974.688,1943.429
2010/5/24,2873.469,4163.477,3092.997,2007.763
2010/5/25,2813.943,4133.346,3039.669,1958.458
2010/5/26,2813.944,4144.662,3041.837,1957.943
2010/5/27,2859.979,4218.637,3092.781,1982.952
2010/5/28,2850.302,4235.322,3088.244,1973.622
2010/5/31,2773.264,4104.364,3001.618,1926.109
2010/6/1,2744.162,4025.789,2963.321,1911.432
2010/6/2,2757.527,4083.616,2985.057,1907.902
2010/6/3,2736.076,4053.985,2962.244,1895.147
2010/6/4,2744.391,4089.035,2975.59,1894.45
2010/6/7,2695.715,4072.568,2933.527,1853.363
2010/6/8,2699.336,4109.317,2943.446,1845.13
2010/6/9,2782.133,4211.881,3029.242,1906.896
2010/6/10,2750.023,4223.566,3005.808,1873.824
2010/6/11,2758.866,4197.995,3007.988,1883.196
2010/6/17,2742.733,4145.243,2985.006,1882.133
2010/6/18,2696.166,3972.286,2914.714,1870.871
2010/6/21,2780.663,4087.017,3004.194,1933.616
2010/6/22,2783.72,4119.722,3012.891,1930.002
2010/6/23,2758.495,4094.568,2987.913,1913.626
2010/6/24,2757.498,4095.295,2987.254,1914.646
2010/6/25,2736.287,4028.433,2957.527,1915.91
2010/6/28,2716.777,3961.382,2929.124,1910.469
2010/6/29,2592.019,3736.982,2786.505,1833.037
2010/6/30,2563.07,3664.464,2749.508,1819.109
2010/7/1,2526.071,3606.593,2708.872,1799.881
2010/7/2,2534.105,3585.576,2711.308,1812.58
2010/7/5,2512.651,3563.882,2690.002,1797.66
2010/7/6,2562.902,3665.334,2749.54,1826.395
2010/7/7,2580.477,3718.662,2773.758,1829.557
2010/7/8,2575.921,3698.342,2766.245,1828.131
2010/7/9,2647.104,3807.604,2844.03,1870.303
2010/7/12,2676.218,3849.52,2875.317,1887.671
2010/7/13,2634.593,3788.751,2830.425,1859.152
2010/7/14,2653.609,3824.046,2852.367,1873.038
2010/7/15,2608.519,3735.395,2799.396,1840.668
2010/7/16,2616.128,3757.432,2809.681,1839.219
2010/7/19,2682.472,3842.313,2878.953,1878.528
2010/7/20,2741.503,3951.358,2946.969,1909.965
2010/7/21,2747.335,3959.427,2953.174,1914.33
2010/7/22,2781.286,4017.864,2991.478,1933.877
2010/7/23,2793.076,4015.467,3000.461,1945.451
2010/7/26,2811.055,4071.094,3025.445,1951.87
2010/7/27,2795.724,4068.864,3012.748,1936.074
2010/7/28,2863.724,4162.321,3084.978,1983.628
2010/7/29,2877.976,4194.04,3102.418,1993.87
2010/7/30,2868.846,4191.13,3094.547,1986.76
2010/8/2,2917.275,4267.895,3147.927,2015.655
2010/8/3,2865.971,4193.641,3092.719,1978.414
2010/8/4,2876.434,4248.014,3111.419,1981.525
2010/8/5,2850.829,4267.955,3094.676,1954.336
2010/8/6,2897.659,4356.012,3148.916,1979.228
2010/8/9,2918.241,4413.568,3176.33,1988.017
2010/8/10,2832.638,4246.46,3076.018,1934.587
2010/8/11,2850.211,4297.904,3099.861,1939.844
2010/8/12,2816.386,4241.592,3062.067,1914.451
2010/8/13,2855.547,4323.052,3108.908,1930.671
2010/8/16,2922.083,4423.315,3181.259,1971.295
2010/8/17,2942.291,4457.759,3203.991,1979.789
2010/8/18,2937.362,4457.127,3199.92,1974.664
2010/8/19,2955.395,4461.488,3215.203,1994.162
2010/8/20,2898.333,4366.604,3151.467,1967.061
2010/8/23,2896.192,4404.718,3156.979,1962.778
2010/8/24,2911.827,4456.497,3179.324,1960.055
2010/8/25,2843.023,4368.304,3107.44,1914.997
2010/8/26,2850.093,4399.284,3118.977,1914.636
2010/8/27,2858.566,4431.444,3131.863,1917.581
2010/8/30,2915.01,4553.023,3200.157,1942.559
2010/8/31,2903.188,4589.289,3197.548,1923.907
2010/9/1,2884.042,4530.229,3171.005,1917.33
2010/9/2,2921.393,4625.395,3218.986,1935.922
2010/9/3,2920.205,4662.96,3225.149,1929.186
2010/9/6,2975.09,4651.963,3267.081,1975.677
2010/9/7,2983.108,4679.942,3278.811,1973.14
2010/9/8,2980.967,4720.375,3284.753,1956.33
2010/9/9,2926.46,4658.009,3229.227,1918.286
2010/9/10,2932.554,4705.31,3243.074,1915.645
2010/9/13,2962.319,4789.693,3282.928,1922.142
2010/9/14,2965.009,4805.416,3288.063,1925.014
2010/9/15,2913.194,4730.143,3232.251,1893.027
2010/9/16,2857.789,4610.916,3165.234,1858.449
2010/9/17,2861.369,4603.489,3166.697,1857.31
2010/9/20,2849.828,4553.12,3147.898,1860.854
2010/9/21,2857.476,4546.724,3152.818,1864.414
2010/9/27,2905.029,4673.602,3214.994,1881.545
2010/9/28,2880.907,4654.345,3192.004,1863.881
2010/9/29,2874.812,4590.317,3174.981,1868.749
2010/9/30,2935.574,4660.605,3237.02,1913.109
2010/10/8,3044.233,4767.967,3344.488,1990.014
2010/10/11,3132.895,4789.155,3419.584,2066.948
2010/10/12,3172.726,4806.029,3454.715,2091.781
2010/10/13,3217.577,4836.737,3496.505,2125.614
2010/10/14,3224.14,4679.548,3472.018,2160.837
2010/10/15,3327.683,4691.45,3557.329,2254.392
2010/10/18,3306.16,4636.639,3529.689,2241.722
2010/10/19,3375.674,4778.607,3612.317,2278.353
2010/10/20,3396.879,4794.194,3632.279,2285.214
2010/10/21,3374.685,4833.8,3621.965,2245.248
2010/10/22,3378.655,4877.927,3633.499,2231.057
2010/10/25,3481.081,4998.5,3738.484,2294.451
2010/10/26,3466.084,5046.148,3735.47,2272.208
2010/10/27,3403.872,4994.774,3675.84,2225.371
2010/10/28,3397.692,4999.59,3671.794,2224.238
2010/10/29,3379.983,5055.492,3668.157,2189.479
2010/11/1,3472.995,5199.525,3770.029,2238.471
2010/11/2,3463.131,5173.066,3757.11,2231.704
2010/11/3,3420.341,5098.539,3708.682,2226.468
2010/11/4,3480.505,5228.296,3781.492,2254.763
2010/11/5,3520.798,5311.77,3829.598,2279.004
2010/11/8,3548.566,5431.091,3874.405,2289.964
2010/11/9,3523.954,5467.839,3861.568,2257.348
2010/11/10,3499.111,5484.742,3844.803,2226.16
2010/11/11,3509.975,5440.099,3845.11,2252.283
2010/11/12,3291.833,5111.189,3607.873,2130.581
2010/11/15,3314.893,5255.267,3653.56,2126.697
2010/11/16,3169.538,5068.465,3501.582,2032.498
2010/11/17,3103.906,4855.85,3408.776,2013.607
2010/11/18,3147.962,4932.401,3458.598,2037.462
2010/11/19,3178.846,5081.03,3511.429,2039.445
2010/11/22,3171.941,5150.665,3519.012,2019.668
2010/11/23,3107.176,5063.237,3450.505,1981.261
2010/11/24,3177.043,5206.149,3533.567,2014.155
2010/11/25,3223.484,5259.81,3580.992,2041.337
2010/11/26,3194.853,5227.648,3551.927,2018.397
2010/11/29,3190.05,5248.747,3552.041,2011.898
2010/11/30,3136.985,5110.875,3483.432,1979.891
2010/12/1,3136.024,5116.837,3483.783,1984.305
2010/12/2,3155.059,5138.487,3503.157,1998.149
2010/12/3,3158.156,5100.366,3498.465,2008.12
2010/12/6,3165.57,5016.528,3488.633,2032.03
2010/12/7,3200.339,5084.583,3529.391,2046.723
2010/12/8,3171.882,5069.97,3503.771,2018.461
2010/12/9,3123.366,4964.901,3444.995,1996.384
2010/12/10,3161.977,5039.165,3490.01,2021.651
2010/12/13,3261.061,5179.021,3595.974,2074.334
2010/12/14,3269.474,5244.038,3614.977,2069.921
2010/12/15,3247.644,5230.68,3594.918,2054.017
2010/12/16,3230.665,5216.851,3578.672,2036.554
2010/12/17,3225.661,5228.337,3576.819,2032.138
2010/12/20,3178.657,5163.529,3526.844,1999.525
2010/12/21,3249.509,5222.792,3594.928,2049.223
2010/12/22,3215.453,5174.539,3558.475,2021.976
2010/12/23,3188.607,5069.523,3517.109,2017.665
2010/12/24,3162.955,4991.544,3481.8,2013.25
2010/12/27,3099.709,4849.63,3404.24,1977.692
2010/12/28,3044.931,4730.497,3337.775,1950.329
2010/12/29,3061.83,4812.532,3366.805,1953.334
2010/12/30,3064.098,4828.489,3371.633,1946.515
2010/12/31,3128.261,4936.716,3443.576,1977.366
2011/1/4,3189.682,5011.498,3507.006,2015.112
2011/1/5,3175.662,5028.766,3499.012,1999.219
2011/1/6,3159.643,5001.283,3480.962,1984.278
2011/1/7,3166.624,4975.144,3481.632,2006.374
2011/1/10,3108.187,4830.562,3407.419,1975.744
2011/1/11,3124.922,4804.822,3415.995,1999.764
2011/1/12,3142.337,4833.58,3435.406,2017.149
2011/1/13,3141.284,4826.757,3433.272,2014.167
2011/1/14,3091.862,4723.426,3374.085,1982.623
2011/1/17,2974.35,4519.913,3241.319,1918.422
2011/1/18,2977.648,4536.964,3247.186,1923.695
2011/1/19,3044.851,4646.087,3321.742,1953.352
2011/1/20,2944.713,4477.359,3209.491,1895.004
2011/1/21,2983.456,4506.322,3246.065,1925.838
2011/1/24,2954.232,4398.495,3202.247,1911.754
2011/1/25,2938.654,4341.909,3179.058,1911.306
2011/1/26,2978.431,4424.892,3226.66,1926.036
2011/1/27,3026.466,4502.808,3279.935,1949.372
2011/1/28,3036.735,4548.206,3296.747,1945.141
2011/1/31,3076.508,4610.86,3340.507,1964.106
2011/2/1,3077.283,4630.58,3344.85,1968.687
2011/2/9,3040.949,4609.717,3311.739,1943.001
2011/2/10,3104.163,4733.973,3385.949,1975.98
2011/2/11,3120.956,4786.806,3409.404,1976.473
2011/2/14,3219.143,4872.495,3504.415,2047.694
2011/2/15,3217.671,4869.687,3502.703,2042.644
2011/2/16,3248.527,4952.667,3543.141,2051.488
2011/2/17,3245.907,4987.48,3547.608,2046.975
2011/2/18,3211.876,4941.432,3511.591,2030.318
2011/2/21,3257.908,5042.967,3567.706,2046.085
2011/2/22,3163.578,4909.745,3466.818,1991.013
2011/2/23,3174.742,4979.057,3488.85,1995.679
2011/2/24,3190.935,5027.731,3511.033,2002.832
2011/2/25,3197.617,5032.797,3517.356,2006.66
2011/2/28,3239.559,5095.208,3562.813,2021.849
2011/3/1,3254.893,5122.441,3580.264,2035.365
2011/3/2,3243.298,5108.74,3568.367,2040.892
2011/3/3,3221.718,5009.047,3532.24,2051.649
2011/3/4,3270.666,5067.621,3582.602,2080.143
2011/3/7,3334.51,5138.248,3647.201,2123.28
2011/3/8,3337.457,5165.735,3654.749,2123.781
2011/3/9,3338.858,5181.368,3658.822,2120.211
2011/3/10,3280.259,5143.413,3604.594,2071.724
2011/3/11,3247.376,5139.746,3577.486,2049.113
2011/3/14,3262.92,5190.037,3599.451,2053.52
2011/3/15,3203.961,5131.332,3541.022,2018.389
2011/3/16,3248.195,5199.358,3589.378,2048.93
2011/3/17,3197.1,5104.134,3530.384,2023.047
2011/3/18,3215.685,5126.934,3549.611,2034.485
2011/3/21,3207.11,5086.108,3535.028,2036.231
2011/3/22,3222.961,5085.812,3547.707,2054.753
2011/3/23,3264.926,5155.337,3594.523,2074.808
2011/3/24,3251.361,5169.264,3586.25,2064.165
2011/3/25,3294.484,5212.345,3629.014,2096.286
2011/3/28,3290.571,5199.552,3623.459,2103.043
2011/3/29,3257.979,5111.153,3580.618,2097.564
2011/3/30,3256.08,5064.545,3570.311,2101.44
2011/3/31,3223.288,5000.402,3531.879,2083.748
2011/4/1,3272.729,5065.076,3583.788,2126.451
2011/4/6,3311.067,5057.84,3613.228,2175.778
2011/4/7,3324.419,5089.751,3629.967,2174.401
2011/4/8,3353.358,5148.799,3664.342,2185.316
2011/4/11,3333.427,5107.137,3640.48,2175.964
2011/4/12,3326.771,5114.459,3636.513,2165.833
2011/4/13,3372.031,5165.207,3682.436,2199.229
2011/4/14,3353.56,5150.869,3664.896,2190.147
2011/4/15,3358.944,5162.415,3671.397,2201.086
2011/4/18,3359.438,5178.894,3674.901,2201.371
2011/4/19,3295.812,5116.144,3611.964,2151.957
2011/4/20,3295.758,5152.395,3618.756,2144.274
2011/4/21,3317.367,5188.111,3642.848,2160.699
2011/4/22,3299.942,5165.123,3624.517,2151.669
2011/4/25,3249.574,5054.768,3563.251,2127.462
2011/4/26,3230.96,4970.572,3532.422,2118.326
2011/4/27,3209.503,4913.497,3504.427,2113.012
2011/4/28,3161.776,4755.416,3436.288,2111.489
2011/4/29,3192.723,4836.866,3476.505,2113.871
2011/5/3,3211.132,4920.57,3507.077,2114.417
2011/5/4,3129.028,4814.781,3421.182,2056.699
2011/5/5,3126.117,4827.212,3421.189,2050.069
2011/5/6,3121.396,4849.969,3421.69,2037.748
2011/5/9,3129.759,4889.92,3435.943,2036.764
2011/5/10,3153.221,4918.674,3460.21,2057.666
2011/5/11,3145.085,4929.488,3455.715,2048.342
2011/5/12,3101.603,4863.795,3408.402,2021.283
2011/5/13,3128.093,4902.564,3436.989,2043.259
2011/5/16,3100.463,4900.706,3414.451,2019.536
2011/5/17,3116.028,4873.954,3421.902,2033.78
2011/5/18,3139.379,4906.189,3446.736,2053.637
2011/5/19,3120.639,4879.892,3426.726,2046.113
2011/5/20,3121.596,4863.185,3424.342,2052.544
2011/5/23,3022.98,4679.527,3310.497,1993.067
2011/5/24,3026.223,4672.076,3311.695,1995.273
2011/5/25,2990.343,4618.748,3272.82,1971.097
2011/5/26,2978.381,4572.942,3254.571,1974.328
2011/5/27,2963.308,4428.894,3215.283,1976.693
2011/5/30,2954.506,4345.048,3192.395,1980.74
2011/5/31,3001.556,4444.276,3248.9,2010.564
2011/6/1,3004.173,4490.892,3259.797,2002.659
2011/6/2,2955.705,4429.999,3209.386,1963.052
2011/6/3,2986.349,4506.196,3248.372,1974.951
2011/6/7,3004.262,4547.303,3270.513,1984.446
2011/6/8,3008.652,4562.972,3276.995,1980.672
2011/6/9,2951.889,4456.73,3211.366,1947.875
2011/6/10,2961.932,4469.049,3221.755,1951.031
2011/6/13,2950.348,4468.787,3212.404,1945.72
2011/6/14,2993.559,4540.939,3260.718,1970.099
2011/6/15,2963.119,4499.694,3228.492,1952.076
2011/6/16,2917.578,4402.143,3173.516,1927.047
2011/6/17,2892.157,4337.367,3140.881,1912.379
2011/6/20,2874.896,4278.753,3115.966,1904.8
2011/6/21,2909.073,4338.422,3154.668,1923.816
2011/6/22,2908.582,4321.219,3151.03,1923.562
2011/6/23,2957.629,4402.938,3205.834,1950.874
2011/6/24,3027.47,4509.18,3281.964,1997.298
2011/6/27,3036.491,4568.189,3300.333,1994.583
2011/6/28,3041.734,4574.477,3305.73,1993.723
2011/6/29,3000.169,4511.545,3260.478,1960.771
2011/6/30,3044.089,4579.332,3308.537,1989.433
2011/7/1,3049.745,4604.746,3317.831,1986.03
2011/7/4,3121.98,4719.391,3397.454,2033.855
2011/7/5,3122.5,4749.424,3403.464,2029.623
2011/7/6,3113.712,4760.917,3398.512,2017.172
2011/7/7,3101.68,4761.452,3388.902,2006.141
2011/7/8,3109.183,4756.614,3394.057,2014.733
2011/7/11,3113.206,4799.42,3405.269,2010.689
2011/7/12,3056.905,4731.118,3347.128,1968.076
2011/7/13,3106.247,4825.419,3404.492,1998.413
2011/7/14,3115.745,4866.165,3419.737,2005.752
2011/7/15,3128.889,4896.043,3435.902,2012.032
2011/7/18,3122.6,4895.26,3430.681,2002.826
2011/7/19,3095.125,4843.705,3398.917,1988.297
2011/7/20,3091.567,4849.057,3397.041,1983.668
2011/7/21,3059.139,4784.388,3358.841,1961.302
2011/7/22,3067.985,4800.938,3369.058,1964.828
2011/7/25,2968.289,4613.73,3253.771,1909.813
2011/7/26,2977.766,4633.372,3265.073,1914.154
2011/7/27,3000.052,4710.379,3297.389,1918.787
2011/7/28,2981.002,4680.898,3276.531,1900.219
2011/7/29,2972.079,4628.32,3259.544,1908.213
2011/8/1,2977.721,4644.462,3267.102,1909.952
2011/8/2,2956.383,4610.783,3243.616,1894.323
2011/8/3,2954.87,4625.173,3245.076,1893.003
2011/8/4,2960.309,4649.425,3253.981,1895.43
2011/8/5,2897.417,4559.018,3186.41,1850.143
2011/8/8,2793.897,4330.771,3060.382,1794.431
2011/8/9,2798.19,4317.107,3061.298,1801.822
2011/8/10,2824.12,4378.698,3093.691,1814.667
2011/8/11,2866.924,4454.394,3142.32,1840.289
2011/8/12,2875.365,4505.886,3158.726,1838.159
2011/8/15,2917.883,4571.719,3205.286,1872.389
2011/8/16,2897.581,4533.321,3181.756,1862.892
2011/8/17,2886.013,4513.485,3168.729,1858.303
2011/8/18,2834.254,4436.101,3112.564,1824.857
2011/8/19,2807.664,4395.019,3083.463,1806.283
2011/8/22,2777.787,4363.959,3053.579,1790.136
2011/8/23,2821.003,4434.922,3101.658,1821.192
2011/8/24,2810.016,4427.978,3091.502,1806.79
2011/8/25,2903.837,4520.171,3184.352,1878.479
2011/8/26,2901.216,4530.423,3184.151,1876.334
2011/8/29,2852.809,4490.158,3137.612,1836.877
2011/8/30,2841.74,4451.726,3121.519,1835.072
2011/8/31,2846.776,4430.538,3121.627,1841.539
2011/9/1,2834.535,4395.069,3105.142,1840.371
2011/9/2,2803.854,4344.977,3071.062,1820.676
2011/9/5,2743.817,4238.069,3002.716,1786.465
2011/9/6,2723.303,4204.908,2979.991,1779.518
2011/9/7,2779.09,4306.361,3043.893,1813.864
2011/9/8,2756.105,4260.155,3016.742,1799.784
2011/9/9,2751.095,4233.748,3007.777,1800.934
2011/9/13,2720.283,4164.288,2969.978,1783.181
2011/9/14,2733.108,4212.129,2989.242,1787.115
2011/9/15,2729.051,4215.5,2986.6,1779.684
2011/9/16,2733.987,4214.816,2990.452,1784.934
2011/9/19,2679.27,4131.885,2930.868,1749.705
2011/9/20,2689.845,4151.851,2943.118,1757.641
2011/9/21,2771.011,4275.094,3031.546,1808.37
2011/9/22,2685.688,4151.8,2939.757,1750.611
2011/9/23,2669.478,4117.735,2920.333,1740.322
2011/9/26,2610.919,4051.425,2860.752,1689.931
2011/9/27,2637.879,4068.231,2885.623,1710.987
2011/9/28,2610.59,3999.782,2850.855,1695.837
2011/9/29,2588.185,3871.06,2808.787,1689.538
2011/9/30,2581.351,3856.828,2800.623,1684.497
2011/10/10,2557.082,3832.577,2776.532,1669.348
2011/10/11,2551.994,3817.927,2769.698,1675.42
2011/10/12,2644.758,3950.655,2869.247,1737.358
2011/10/13,2662.601,4001.853,2893.181,1746.935
2011/10/14,2653.782,3985.193,2882.963,1745.214
2011/10/17,2666.951,3997.121,2895.806,1757.056
2011/10/18,2592.209,3877.024,2813.145,1709.283
2011/10/19,2583.081,3854.169,2801.523,1708.946
2011/10/20,2520.532,3740.469,2729.886,1674.027
2011/10/21,2507.877,3671.695,2706.859,1676.097
2011/10/24,2576.669,3736.765,2774.463,1729.033
2011/10/25,2625.425,3842.978,2833.581,1751.677
2011/10/26,2651.652,3884.39,2862.45,1765.63
2011/10/27,2657.478,3888.992,2868.007,1774.506
2011/10/28,2709.017,3978.8,2926.311,1807.056
2011/10/31,2695.307,3999.362,2919.09,1792.051
2011/11/1,2697.534,3999.831,2920.974,1795.392
2011/11/2,2742.39,4072.781,2970.747,1825.453
2011/11/3,2744.301,4097.618,2976.921,1819.042
2011/11/4,2763.746,4131.13,2998.849,1831.755
2011/11/7,2736.248,4114.767,2973.625,1809.798
2011/11/8,2727.71,4057.555,2956.072,1808.609
2011/11/9,2751.654,4126.003,2988.144,1821.756
2011/11/10,2699.588,4064.371,2934.67,1781.911
2011/11/11,2695.002,4062.144,2930.556,1779.514
2011/11/14,2750.195,4159.567,2993.228,1816.057
2011/11/15,2744.68,4192.665,2994.954,1808.176
2011/11/16,2670.116,4088.323,2915.374,1755.415
2011/11/17,2662.017,4079.536,2907.205,1748.447
2011/11/18,2606.495,3963.258,2840.752,1720.764
2011/11/21,2609.687,3966.636,2843.956,1721.386
2011/11/22,2609.475,3957.93,2842.161,1722.234
2011/11/23,2584.011,3942.695,2818.788,1701.065
2011/11/24,2588.915,3935.273,2821.358,1704.691
2011/11/25,2569.973,3911.356,2801.625,1691.671
2011/11/28,2573.321,3915.298,2805.059,1693.668
2011/11/29,2608.569,3980.618,2845.662,1716.095
2011/11/30,2521.52,3819.942,2745.509,1662.748
2011/12/1,2583.613,3897.019,2809.949,1713.048
2011/12/2,2557.311,3817.041,2773.832,1704.457
2011/12/5,2521.385,3692.227,2721.598,1694.496
2011/12/6,2516.341,3691.804,2717.451,1689.01
2011/12/7,2528.228,3702.103,2728.958,1702.454
2011/12/8,2525.001,3700.089,2725.98,1701.68
2011/12/9,2503.461,3663.843,2701.853,1692.061
2011/12/12,2477.692,3616.087,2672.17,1678.698
2011/12/13,2421.928,3490.4,2603.773,1645.815
2011/12/14,2397.48,3423.474,2571.583,1637.009
2011/12/15,2340.788,3329.575,2508.362,1599.012
2011/12/16,2390.129,3427.214,2566.351,1628.999
2011/12/19,2384.408,3434.845,2563.158,1625.257
2011/12/20,2377.073,3424.448,2555.305,1624.445
2011/12/21,2339.108,3342.401,2509.396,1604.251
2011/12/22,2341.335,3298.724,2503.053,1608.238
2011/12/23,2359.159,3327.394,2522.771,1617.944
2011/12/26,2335.702,3308.072,2500.252,1601.467
2011/12/27,2305.035,3224.148,2459.878,1590.995
2011/12/28,2307.928,3207.399,2459.089,1594.835
2011/12/29,2311.361,3207.181,2461.817,1596.587
2011/12/30,2345.742,3266.775,2500.652,1617.613
2012/1/4,2298.753,3192.234,2448.863,1595.12
2012/1/5,2276.385,3074.368,2408.849,1596.593
2012/1/6,2290.601,3087.546,2422.769,1608.358
2012/1/9,2368.57,3212.904,2509.015,1659.054
2012/1/10,2447.349,3345.391,2597.243,1704.744
2012/1/11,2435.608,3346.742,2588.027,1694.264
2012/1/12,2435.219,3345.812,2587.54,1701.452
2012/1/13,2394.334,3233.701,2533.668,1685.913
2012/1/16,2345.649,3130.558,2475.178,1661.994
2012/1/17,2460.601,3304.88,2600.375,1736.606
2012/1/18,2422.189,3237.852,2556.903,1714.699
2012/1/19,2468.35,3270.765,2600.263,1750.521
2012/1/20,2504.086,3315.603,2637.44,1775.091
2012/1/30,2460.72,3292.409,2598.147,1742.818
2012/1/31,2464.26,3294.494,2601.39,1744.708
2012/2/1,2428.994,3266.234,2567.683,1713.684
2012/2/2,2486.238,3328.153,2625.388,1761.941
2012/2/3,2506.09,3383.05,2651.635,1772.192
2012/2/6,2504.322,3412.405,2655.687,1764.818
2012/2/7,2457.954,3356.838,2607.937,1732.024
2012/2/8,2528.236,3445.52,2681.145,1782.059
2012/2/9,2529.231,3469.846,2686.487,1778.097
2012/2/10,2533.624,3488.229,2693.459,1778.317
2012/2/13,2531.981,3519.875,2698.04,1768.539
2012/2/14,2522.107,3524.625,2690.965,1758.984
2012/2/15,2549.607,3578.149,2723.122,1773.169
2012/2/16,2536.074,3577.202,2712.035,1761.877
2012/2/17,2537.086,3565.306,2710.631,1765.652
2012/2/20,2540.706,3574.458,2715.257,1769.412
2012/2/21,2562.453,3618.302,2740.969,1779.94
2012/2/22,2597.476,3689.004,2782.395,1795.26
2012/2/23,2606.256,3700.888,2791.691,1799.644
2012/2/24,2648.017,3756.825,2835.796,1826.716
2012/2/27,2656.573,3764.326,2844.093,1828.408
2012/2/28,2662.463,3745.58,2845.347,1839.055
2012/2/29,2634.143,3696.144,2813.294,1822.769
2012/3/1,2633.345,3715.673,2816.287,1818.279
2012/3/2,2679.934,3794.416,2868.534,1843.848
2012/3/5,2662.698,3798.377,2855.366,1827.938
2012/3/6,2621.052,3760.585,2814.73,1794.264
2012/3/7,2603.005,3732.707,2794.98,1776.363
2012/3/8,2635.791,3791.827,2832.438,1798.1
2012/3/9,2664.302,3848.108,2865.919,1811.486
2012/3/12,2654.402,3871.12,2862.217,1796.937
2012/3/13,2681.073,3910.064,2890.985,1813.201
2012/3/14,2605.106,3734.317,2796.975,1776.407
2012/3/15,2585.546,3689.014,2772.759,1760.476
2012/3/16,2623.52,3786.617,2821.572,1780.076
2012/3/19,2630.013,3829.696,2834.835,1778.981
2012/3/20,2584.445,3746.284,2782.542,1755.725
2012/3/21,2587.793,3760.047,2787.805,1758.624
2012/3/22,2583.747,3742.388,2781.254,1760.335
2012/3/23,2552.94,3670.129,2742.948,1747.916
2012/3/26,2555.442,3666.279,2744.25,1749.888
2012/3/27,2547.143,3652.876,2735.06,1749.185
2012/3/28,2474.9,3490.007,2646.459,1708.853
2012/3/29,2443.122,3425.702,2608.851,1688.09
2012/3/30,2454.899,3416.856,2616.708,1705.633
2012/4/5,2512.832,3531.549,2684.797,1735.283
2012/4/6,2519.83,3554.027,2694.628,1737.512
2012/4/9,2495.146,3512.914,2667.06,1721.426
2012/4/10,2519.788,3554.038,2694.597,1736.24
2012/4/11,2520.036,3566.476,2697.111,1734.594
2012/4/12,2570.436,3640.407,2751.537,1770.947
2012/4/13,2580.454,3675.028,2766.063,1777.068
2012/4/16,2574.044,3685.481,2762.836,1770.679
2012/4/17,2541.883,3631.556,2726.85,1749.4
2012/4/18,2599.908,3714.02,2789.017,1789.627
2012/4/19,2596.056,3704.705,2784.175,1791.382
2012/4/20,2626.839,3736.365,2814.905,1815.882
2012/4/23,2606.038,3691.574,2789.785,1799.907
2012/4/24,2604.866,3666.395,2784.153,1808.859
2012/4/25,2625.99,3718.911,2810.972,1819.217
2012/4/26,2631.487,3700.028,2811.893,1822.206
2012/4/27,2626.157,3664.638,2801.004,1822.542
2012/5/2,2683.487,3718.259,2857.24,1862.755
2012/5/3,2691.518,3733.816,2866.616,1864.295
2012/5/4,2715.879,3758.004,2890.773,1876.658
2012/5/7,2717.778,3784.556,2897.249,1866.619
2012/5/8,2709.116,3783.472,2890.059,1862.401
2012/5/9,2657.514,3717.47,2836.14,1830.132
2012/5/10,2657.214,3731.131,2838.441,1829.607
2012/5/11,2636.917,3715.385,2819.134,1815.732
2012/5/14,2615.534,3710.097,2800.898,1800.503
2012/5/15,2617.374,3705.883,2801.598,1801.064
2012/5/16,2574.647,3660.312,2758.644,1774.243
2012/5/17,2613.942,3714.186,2800.376,1801.11
2012/5/18,2573.976,3655.858,2757.273,1775.572
2012/5/21,2587.231,3653.546,2767.535,1784.943
2012/5/22,2627.525,3711.055,2810.751,1810.411
2012/5/23,2616.869,3708.919,2801.757,1801.466
2012/5/24,2595.26,3678.093,2778.585,1789.434
2012/5/25,2573.103,3635.516,2752.782,1776.376
2012/5/28,2614.689,3687.455,2796.002,1800.913
2012/5/29,2650.854,3745.678,2836.019,1824.429
2012/5/30,2642.258,3752.219,2830.303,1818.385
2012/5/31,2632.042,3753.593,2822.318,1804.593
2012/6/1,2632.998,3744.437,2821.384,1808.527
2012/6/4,2559.026,3621.808,2738.872,1760.955
2012/6/5,2558.842,3617.614,2737.943,1763.7
2012/6/6,2557.401,3600.163,2733.531,1768.575
2012/6/7,2542.184,3581.137,2717.712,1757.766
2012/6/8,2524.329,3564.158,2700.146,1738.587
2012/6/11,2558.265,3630.314,2739.842,1756.031
2012/6/12,2540.178,3608.391,2721.168,1745.454
2012/6/13,2580.636,3674.875,2766.187,1771.422
2012/6/14,2560.421,3652.705,2745.75,1756.301
2012/6/15,2568.054,3648.994,2751.217,1769.492
2012/6/18,2581.212,3684.727,2768.486,1776.244
2012/6/19,2558.621,3657.958,2745.276,1764.881
2012/6/20,2552.611,3636.09,2736.356,1763.631
2012/6/21,2512.185,3590.837,2695.317,1735.336
2012/6/25,2456.518,3493.116,2632.21,1704.567
2012/6/26,2454.915,3489.972,2630.332,1700.499
2012/6/27,2447.195,3476.403,2621.576,1695.031
2012/6/28,2425.729,3427.819,2595.208,1681.384
2012/6/29,2461.612,3470.965,2632.19,1708.856
2012/7/2,2465.238,3509.503,2642.237,1706.168
2012/7/3,2468.721,3515.778,2646.214,1710.412
2012/7/4,2464.919,3497.748,2639.809,1712.937
2012/7/5,2430.37,3418.202,2597.175,1695.356
2012/7/6,2472.614,3486.546,2643.966,1711.579
2012/7/9,2416.036,3398.805,2581.998,1668.022
2012/7/10,2406.706,3365.665,2568.333,1664.424
2012/7/11,2425.572,3404.104,2590.691,1672.252
2012/7/12,2449.181,3450.302,2618.318,1680.05
2012/7/13,2450.633,3435.084,2616.685,1685.019
2012/7/16,2399.731,3311.089,2552.618,1657.623
2012/7/17,2414.201,3334.286,2568.607,1669.706
2012/7/18,2414.335,3352.848,2572.14,1665.865
2012/7/19,2424.322,3392.656,2587.567,1674.268
2012/7/20,2398.455,3369.913,2562.442,1658.3
2012/7/23,2365.431,3337.856,2529.807,1629.065
2012/7/24,2375.992,3361.09,2542.639,1632.952
2012/7/25,2360.083,3332.085,2524.415,1627.959
2012/7/26,2347.488,3302.336,2508.734,1624.464
2012/7/27,2349.108,3283.592,2506.587,1630.31
2012/7/30,2335.793,3217.452,2483.608,1625.636
2012/7/31,2332.922,3159.192,2470.537,1631.885
2012/8/1,2358.651,3216.184,2501.87,1645.616
2012/8/2,2334.882,3195.863,2478.888,1634.553
2012/8/3,2353.737,3259.856,2505.951,1641.599
2012/8/6,2385.611,3337.267,2546.024,1658.371
2012/8/7,2388.873,3368.252,2554.38,1657.911
2012/8/8,2389.795,3356.485,2552.955,1662.768
2012/8/9,2411.7,3405.058,2579.641,1671.954
2012/8/10,2399.751,3395.849,2568.273,1665.175
2012/8/13,2351.931,3318.1,2515.236,1632.001
2012/8/14,2357.016,3349.585,2525.159,1633.143
2012/8/15,2331.615,3310.839,2497.457,1610.413
2012/8/16,2319.67,3286.828,2483.362,1605.276
2012/8/17,2313.476,3286.778,2478.341,1606.003
2012/8/20,2301.788,3289.439,2469.375,1596.195
2012/8/21,2313.703,3335.753,2487.561,1598.5
2012/8/22,2295.586,3306.111,2467.433,1591.334
2012/8/23,2302.199,3327.99,2476.82,1596.574
2012/8/24,2275.677,3265.749,2443.877,1588.111
2012/8/27,2228.204,3184.331,2390.442,1557.165
2012/8/28,2238.411,3200.993,2401.776,1570.44
2012/8/29,2214.814,3179.54,2378.723,1554.403
2012/8/30,2211.37,3129.495,2366.707,1560.286
2012/8/31,2204.868,3139.5,2363.29,1551.199
2012/9/3,2228.369,3200.306,2393.523,1560.08
2012/9/4,2204.407,3164.826,2367.588,1548.042
2012/9/5,2199.875,3181.8,2367.051,1537.531
2012/9/6,2217.823,3217.936,2388.239,1550.971
2012/9/7,2317.179,3334.66,2490.171,1619.213
2012/9/10,2326.666,3363.605,2503.186,1620.027
2012/9/11,2311.89,3350.088,2488.735,1605.073
2012/9/12,2320.071,3376.122,2500.156,1607.989
2012/9/13,2298.461,3329.299,2474.033,1597.16
2012/9/14,2315.542,3338.038,2489.469,1614.7
2012/9/17,2258.705,3237.704,2424.97,1582.095
2012/9/18,2235.239,3224.259,2403.5,1564.982
2012/9/19,2246.236,3255.866,2418.228,1569.069
2012/9/20,2195.951,3161.763,2360.181,1540.956
2012/9/21,2199.063,3143.71,2359.371,1545.964
2012/9/24,2215.516,3167.161,2377.011,1553.973
2012/9/25,2210.154,3144.408,2368.476,1553.701
2012/9/26,2184.891,3071.989,2334.678,1541.14
2012/9/27,2251.717,3141.082,2401.501,1587.956
2012/9/28,2293.106,3199.752,2445.815,1613.092
2012/10/8,2270.054,3183.365,2424.137,1596.144
2012/10/9,2320.157,3265.617,2479.852,1627.657
2012/10/10,2324.117,3296.923,2488.828,1625.328
2012/10/11,2302.533,3248.045,2462.349,1615.747
2012/10/12,2304.531,3240.399,2462.556,1618.659
2012/10/15,2294.857,3223.189,2451.554,1612.955
2012/10/16,2298.162,3233.229,2456.08,1614.138
2012/10/17,2300.803,3240.778,2459.608,1617.664
2012/10/18,2336.077,3294.835,2498.123,1639.667
2012/10/19,2332.47,3285.445,2493.473,1637.765
2012/10/22,2341.592,3298.488,2503.26,1643.342
2012/10/23,2312.077,3259.067,2472.104,1625.81
2012/10/24,2307.779,3257.921,2468.414,1623.641
2012/10/25,2291.239,3226.172,2449.175,1612.947
2012/10/26,2247.907,3163.295,2402.512,1584.697
2012/10/29,2235.854,3158.943,2391.955,1571.525
2012/10/30,2239.882,3160.687,2395.537,1576.321
2012/10/31,2254.82,3168.097,2408.992,1587.052
2012/11/1,2297.884,3228.19,2454.925,1617.732
2012/11/2,2306.774,3249.552,2466.058,1626.607
2012/11/5,2301.88,3235.352,2459.479,1624.709
2012/11/6,2292.206,3213.26,2447.577,1619.739
2012/11/7,2287.505,3209.141,2443.013,1617.834
2012/11/8,2245.405,3129.568,2394.268,1591.615
2012/11/9,2240.924,3116.978,2388.32,1591.852
2012/11/12,2251.848,3136.308,2400.725,1600.878
2012/11/13,2212.44,3072.121,2356.996,1575.259
2012/11/14,2223.11,3081.254,2367.316,1581.946
2012/11/15,2193.623,3026.844,2333.419,1563.698
2012/11/16,2177.24,3009.153,2316.898,1551.558
2012/11/19,2174.985,3016.159,2316.365,1550.891
2012/11/20,2164.881,3004.183,2305.98,1540.488
2012/11/21,2194.896,3035.282,2336.006,1562.974
2012/11/22,2177.546,2995.093,2314.554,1554.754
2012/11/23,2192.676,3005.459,2328.709,1568.753
2012/11/26,2175.599,2970.323,2308.411,1563.198
2012/11/27,2150.638,2864.169,2268.635,1552.92
2012/11/28,2129.161,2800.537,2239.521,1542.074
2012/11/29,2115.676,2774.176,2223.747,1532.921
2012/11/30,2139.661,2816.624,2250.984,1547.759
2012/12/3,2108.85,2749.134,2213.605,1532.176
2012/12/4,2131.473,2783.412,2238.234,1545.954
2012/12/5,2207.878,2886.186,2319.019,1601.736
2012/12/6,2203.602,2884.348,2315.22,1600.415
2012/12/7,2246.757,2950.193,2362.287,1634.919
2012/12/10,2271.046,3002.231,2391.542,1653.284
2012/12/11,2258.5,2982.027,2377.663,1645.009
2012/12/12,2267.767,2982.885,2385.319,1657.128
2012/12/13,2242.635,2943.276,2357.677,1635.626
2012/12/14,2355.865,3066.231,2471.983,1728.061
2012/12/17,2366.7,3091.875,2485.481,1738.852
2012/12/18,2368.12,3086.584,2485.654,1744.854
2012/12/19,2371.109,3099.092,2490.38,1744.018
2012/12/20,2384.816,3108.86,2503.274,1751.936
2012/12/21,2372.002,3101.074,2491.469,1737.989
2012/12/24,2381.217,3117.698,2501.992,1746.438
2012/12/25,2448.395,3189.088,2569.521,1798.882
2012/12/26,2457.619,3228.675,2584.289,1800.564
2012/12/27,2444.594,3199.481,2568.363,1786.779
2012/12/28,2480.049,3235.195,2603.641,1817.852
2012/12/31,2522.952,3275.86,2645.858,1857.68
2013/1/4,2524.409,3258.251,2643.827,1870.5
2013/1/7,2535.985,3288.369,2658.721,1880.262
2013/1/8,2525.33,3327.04,2657.137,1857.688
2013/1/9,2526.126,3334.987,2659.233,1855.342
2013/1/10,2530.569,3356.35,2666.74,1855.487
2013/1/11,2483.23,3271.179,2612.769,1818.984
2013/1/14,2577.725,3384.745,2710.202,1893.1
2013/1/15,2595.856,3450.682,2736.956,1900.051
2013/1/16,2577.092,3450.56,2721.703,1877
2013/1/17,2552.758,3408.022,2694.186,1854.936
2013/1/18,2595.439,3464.645,2739.166,1886.794
2013/1/21,2610.898,3491.122,2756.547,1898.438
2013/1/22,2596.898,3435.434,2735.016,1898.502
2013/1/23,2607.456,3441.745,2744.738,1910.135
2013/1/24,2582.755,3369.732,2711.539,1900.176
2013/1/25,2571.674,3364.061,2701.51,1886.454
2013/1/28,2651.863,3449.794,2782.248,1957.395
2013/1/29,2675.866,3482.519,2807.705,1982.623
2013/1/30,2688.711,3500.578,2821.429,1989.315
2013/1/31,2686.882,3479.638,2816.12,1993.252
2013/2/1,2743.324,3507.709,2867.056,2055.724
2013/2/4,2748.028,3484.362,2866.614,2065.394
2013/2/5,2771.675,3520.646,2892.431,2068.952
2013/2/6,2775.844,3544.385,2900.147,2078.494
2013/2/7,2759.87,3557.667,2889.603,2048.575
2013/2/8,2771.725,3608.589,2908.519,2042.422
2013/2/18,2737.471,3627.776,2884.216,2014.577
2013/2/19,2685.606,3561.357,2829.993,1981.074
2013/2/20,2702.635,3635.375,2857.326,1978.303
2013/2/21,2610.549,3560.317,2768.878,1897.896
2013/2/22,2596.604,3548.358,2755.375,1883.475
2013/2/25,2604.96,3587.587,2769.318,1890.765
2013/2/26,2567.595,3533.204,2729.062,1865.129
2013/2/27,2594.677,3535.896,2751.537,1889.476
2013/2/28,2673.327,3608.199,2828.576,1956.606
2013/3/1,2668.836,3648.422,2832.271,1944.423
2013/3/4,2545.715,3518.717,2708.661,1841.624
2013/3/5,2622.807,3597.922,2785.692,1916.709
2013/3/6,2650.202,3653.934,2818.155,1933.699
2013/3/7,2619.479,3609.64,2785.132,1902.374
2013/3/8,2606.927,3570.38,2767.775,1901.481
2013/3/11,2592.372,3571.105,2756.094,1879.818
2013/3/12,2555.615,3481.175,2709.84,1854.618
2013/3/13,2527.486,3449.35,2681.2,1835.612
2013/3/14,2534.273,3464.854,2689.539,1838.358
2013/3/15,2539.873,3471.214,2695.245,1841.32
2013/3/18,2502.493,3427.12,2656.855,1811.239
2013/3/19,2525.097,3438.072,2677.202,1830.959
2013/3/20,2610.174,3527.772,2762.631,1905.765
2013/3/21,2614.988,3565.02,2773.34,1902.295
2013/3/22,2618.308,3579.92,2778.757,1904.462
2013/3/25,2613.097,3568.523,2772.446,1901.932
2013/3/26,2575.05,3543.812,2737.055,1861.259
2013/3/27,2583.53,3552.257,2745.48,1868.44
2013/3/28,2499.302,3448.977,2658.26,1791.643
2013/3/29,2495.083,3447.285,2654.527,1793.194
2013/4/1,2493.187,3470.96,2657.312,1784.071
2013/4/2,2486.391,3428.5,2644.042,1783.217
2013/4/3,2483.547,3397.232,2636.023,1789.666
2013/4/8,2472.299,3411.13,2629.434,1773.103
2013/4/9,2489.43,3444.371,2649.408,1788.633
2013/4/10,2485.309,3437.267,2644.766,1787.928
2013/4/11,2477.876,3423.217,2636.167,1784.128
2013/4/12,2462.112,3394.517,2618.132,1774.505
2013/4/15,2436.818,3346.851,2588.899,1759.802
2013/4/16,2459.592,3383.081,2613.999,1772.643
2013/4/17,2458.473,3412.416,2618.447,1761.617
2013/4/18,2464.851,3423.012,2625.559,1768.15
2013/4/19,2533.827,3495.242,2694.729,1827.983
2013/4/22,2530.67,3511.624,2695.159,1823.947
2013/4/23,2449.471,3416.449,2611.878,1760.677
2013/4/24,2495.579,3484.568,2661.739,1793.885
2013/4/25,2467.875,3431.401,2629.544,1778.294
2013/4/26,2447.306,3367.766,2601.244,1766.037
2013/5/2,2449.639,3383.398,2605.987,1763.05
2013/5/3,2492.912,3448.64,2653.02,1795.489
2013/5/6,2525.983,3514.457,2691.87,1816.598
2013/5/7,2529.938,3521.477,2696.361,1817.925
2013/5/8,2542.798,3553.848,2712.704,1824.377
2013/5/9,2527.794,3555.769,2700.868,1807.862
2013/5/10,2540.836,3577.327,2715.388,1819.117
2013/5/13,2530.768,3590.758,2709.656,1810.724
2013/5/14,2493.338,3549.303,2671.702,1785.575
2013/5/15,2506.925,3597.106,2691.444,1789.431
2013/5/16,2552.709,3635.755,2735.673,1821.453
2013/5/17,2592.048,3691.399,2777.761,1843.809
2013/5/20,2609.607,3737.748,2800.465,1861.252
2013/5/21,2614.853,3787.059,2813.705,1851.084
2013/5/22,2618.034,3755.874,2810.611,1858.198
2013/5/23,2582.849,3724.229,2776.269,1823.737
2013/5/24,2597.228,3782.071,2798.487,1829.141
2013/5/27,2599.587,3820.427,2807.392,1827.263
2013/5/28,2644.359,3827.782,2845.093,1870.094
2013/5/29,2642.561,3856.319,2848.832,1861.702
2013/5/30,2634.323,3865.134,2843.748,1855.456
2013/5/31,2606.426,3841.218,2816.734,1841.366
2013/6/3,2602.623,3814.51,2808.779,1838.64
2013/6/4,2565.666,3739.724,2765.135,1819.503
2013/6/5,2560.539,3755.148,2763.784,1806.821
2013/6/6,2527.845,3688.736,2725.129,1784.702
2013/6/7,2484.16,3616.21,2676.435,1760.224
2013/6/13,2399.937,3515.05,2589.602,1700.802
2013/6/14,2416.771,3584.978,2616.02,1704.147
2013/6/17,2403.839,3593.371,2607.051,1692.476
2013/6/18,2418.745,3605.758,2621.412,1704.222
2013/6/19,2400.765,3583.298,2602.718,1687.613
2013/6/20,2321.466,3465.004,2516.76,1631.554
2013/6/21,2317.394,3446.483,2510.076,1633.164
2013/6/24,2171.21,3232.962,2352.446,1525.166
2013/6/25,2165.421,3219.134,2345.224,1526.803
2013/6/26,2168.297,3285.818,2359.722,1509.682
2013/6/27,2160.735,3233.222,2343.99,1512.204
2013/6/28,2200.639,3235.978,2376.891,1552.383
2013/7/1,2213.317,3304.591,2399.631,1549.374
2013/7/2,2221.984,3359.053,2416.545,1541.341
2013/7/3,2203.828,3364.184,2402.696,1522.911
2013/7/4,2221.979,3390.488,2422.23,1535.321
2013/7/5,2226.849,3371.529,2422.763,1542.049
2013/7/8,2163.619,3240.477,2347.577,1506.727
2013/7/9,2162.669,3259.911,2350.321,1505.299
2013/7/10,2224.065,3361.395,2418.662,1546.743
2013/7/11,2326.688,3455.884,2519.295,1635.66
2013/7/12,2275.373,3425.135,2471.961,1587.589
2013/7/15,2307.297,3493.441,2510.308,1604.662
2013/7/16,2317.848,3536.313,2526.655,1606.341
2013/7/17,2282.836,3485.074,2488.883,1582.141
2013/7/18,2245.328,3481.201,2457.652,1549.348
2013/7/19,2190.478,3394.306,2397.279,1511.4
2013/7/22,2202.189,3461.281,2418.933,1514.052
2013/7/23,2265.845,3544.966,2485.892,1555.837
2013/7/24,2249.151,3566.282,2476.162,1532.353
2013/7/25,2237.683,3498.242,2454.513,1529.299
2013/7/26,2224.008,3494.159,2442.644,1521.612
2013/7/29,2175.97,3426.593,2391.314,1484.21
2013/7/30,2189.388,3411.219,2399.453,1500.938
2013/7/31,2193.021,3430.743,2405.944,1504.167
2013/8/1,2245.364,3521.152,2464.913,1537.81
2013/8/2,2247.263,3533.609,2468.713,1536.505
2013/8/5,2278.329,3592.538,2504.665,1554.188
2013/8/6,2293.641,3631.124,2524.113,1556.297
2013/8/7,2280.623,3596.318,2507.217,1551.155
2013/8/8,2276.782,3605.85,2505.817,1544.624
2013/8/9,2286.01,3618.744,2515.661,1553.044
2013/8/12,2352.794,3676.195,2580.416,1610.265
2013/8/13,2359.068,3695.552,2589.026,1619.743
2013/8/14,2349.08,3681.082,2578.278,1610.218
2013/8/15,2321.576,3631.321,2546.885,1595.152
2013/8/16,2304.144,3554.348,2518.763,1592.794
2013/8/19,2331.43,3609.028,2550.869,1608.865
2013/8/20,2312.465,3599.637,2533.733,1594.54
2013/8/21,2308.589,3627.501,2535.621,1588.081
2013/8/22,2303.932,3636.469,2533.453,1582.618
2013/8/23,2286.929,3627.97,2518.076,1566.293
2013/8/26,2335.616,3703.593,2571.392,1601.379
2013/8/27,2340.881,3732.098,2580.837,1602.002
2013/8/28,2328.056,3703.92,2565.298,1592.869
2013/8/29,2318.311,3701.083,2556.853,1588.153
2013/8/30,2313.91,3664.148,2546.584,1589.777
2013/9/2,2320.344,3689.959,2556.494,1591.934
2013/9/3,2354.502,3744.871,2594.235,1614.537
2013/9/4,2350.699,3755.239,2593.017,1613.537
2013/9/5,2341.735,3762.569,2587.036,1609.604
2013/9/6,2357.782,3792.832,2605.572,1625.854
2013/9/9,2440.609,3831.927,2680.113,1713.385
2013/9/10,2474.894,3870.923,2715.085,1737.581
2013/9/11,2482.889,3834.258,2714.981,1741.318
2013/9/12,2507.455,3845.068,2736.947,1772.664
2013/9/13,2488.902,3849.82,2722.688,1749.244
2013/9/16,2478.39,3854.207,2714.917,1738.248
2013/9/17,2427.322,3786.292,2661.051,1698.629
2013/9/18,2432.51,3822.123,2671.744,1700.587
2013/9/23,2472.288,3899.625,2718.142,1713.084
2013/9/24,2443.885,3903.518,2695.702,1673.558
2013/9/25,2429.03,3889.221,2681.018,1661.607
2013/9/26,2384.443,3808.216,2630.07,1632.695
2013/9/27,2394.971,3822.758,2641.273,1639.152
2013/9/30,2409.037,3872.893,2661.781,1643.055
2013/10/8,2441.811,3938.068,2700.247,1659.713
2013/10/9,2453.583,3981.058,2717.597,1668.476
2013/10/10,2429.317,3959.63,2693.956,1637.933
2013/10/11,2468.508,4026.916,2738.031,1669.268
2013/10/14,2472.542,4068.32,2748.786,1662.168
2013/10/15,2467.517,4074.083,2745.732,1656.259
2013/10/16,2421.371,3963.212,2688.127,1634.223
2013/10/17,2413.33,3956.965,2680.447,1627.177
2013/10/18,2426.054,3970.641,2693.284,1636.8
2013/10/21,2471.322,4069.033,2747.921,1657.583
2013/10/22,2445.891,4026.516,2719.527,1640.066
2013/10/23,2418.491,3924.219,2678.748,1638.499
2013/10/24,2400.511,3898.156,2659.393,1621.605
2013/10/25,2368.559,3821.779,2619.585,1611.519
2013/10/28,2365.954,3808.703,2615.106,1610.686
2013/10/29,2372.053,3703.86,2601.198,1633.721
2013/10/30,2407.471,3764.453,2640.989,1653.417
2013/10/31,2373.718,3713.829,2604.35,1631.047
2013/11/1,2384.96,3702.445,2611.468,1644.752
2013/11/4,2380.454,3728.188,2612.429,1638.512
2013/11/5,2383.769,3777.404,2623.993,1633.662
2013/11/6,2353.568,3737.106,2592.11,1614.214
2013/11/7,2340.552,3685.04,2572.121,1610.584
2013/11/8,2307.945,3629.94,2535.611,1587.44
2013/11/11,2315.889,3645.84,2544.952,1591.139
2013/11/12,2340,3680.536,2570.86,1610.777
2013/11/13,2288.116,3611.76,2516.167,1569.245
2013/11/14,2304.501,3659.83,2538.184,1572.729
2013/11/15,2350.734,3736.452,2589.68,1604.823
2013/11/18,2428.903,3827.882,2669.886,1675.159
2013/11/19,2412.163,3840.365,2658.485,1659.53
2013/11/20,2424.85,3878.584,2675.713,1663.759
2013/11/21,2409.989,3865.41,2661.223,1648.086
2013/11/22,2397.962,3842.756,2647.336,1642.496
2013/11/25,2388.629,3839.602,2639.159,1633.782
2013/11/26,2387.416,3845.676,2639.263,1630.94
2013/11/27,2414.481,3889.755,2669.27,1648.789
2013/11/28,2439.53,3922.666,2695.622,1664.625
2013/11/29,2438.944,3946.383,2699.416,1661.409
2013/12/2,2418.788,3770.865,2651.373,1678.867
2013/12/3,2442.784,3859.955,2686.984,1681.509
2013/12/4,2475.135,3932.998,2726.518,1699.176
2013/12/5,2468.197,3928.724,2720.091,1692.38
2013/12/6,2452.287,3918.783,2705.328,1675.255
2013/12/9,2450.872,3947.704,2709.384,1669.872
2013/12/10,2453.322,3950.486,2711.883,1670.553
2013/12/11,2412.763,3906.78,2670.942,1639.182
2013/12/12,2410.015,3916.962,2670.536,1631.914
2013/12/13,2406.639,3925.434,2669.31,1626.41
2013/12/16,2367.923,3857.715,2625.567,1602.455
2013/12/17,2356.376,3834.027,2611.909,1597.265
2013/12/18,2357.226,3834.045,2612.612,1598.678
2013/12/19,2332.41,3795.023,2585.343,1580.113
2013/12/20,2278.136,3747.002,2532.245,1537.413
2013/12/23,2284.602,3742.738,2536.821,1541.265
2013/12/24,2288.248,3768.703,2544.373,1539.599
2013/12/25,2305.11,3808.453,2565.222,1547.359
2013/12/26,2265.334,3743.132,2521.027,1524.883
2013/12/27,2303.478,3800.774,2562.533,1550.221
2013/12/30,2299.458,3813.003,2561.367,1547.919
2013/12/31,2330.026,3829.096,2589.353,1574.781
2014/1/2,2321.978,3847.879,2586.018,1561.099
2014/1/3,2290.779,3816.316,2554.8,1536.067
2014/1/6,2238.637,3710.898,2493.397,1512.93
2014/1/7,2238.001,3733.662,2496.863,1510.654
2014/1/8,2241.911,3738.205,2500.878,1515.333
2014/1/9,2222.221,3696.023,2477.277,1503.881
2014/1/10,2204.851,3628.634,2451.175,1498.268
2014/1/13,2193.679,3612.02,2439.065,1494.613
2014/1/14,2212.846,3683.534,2467.369,1499.285
2014/1/15,2208.941,3708.142,2468.461,1488.509
2014/1/16,2211.844,3714.314,2471.932,1493.094
2014/1/17,2178.488,3671.915,2437.036,1475.671
2014/1/20,2165.993,3644.125,2421.881,1464.842
2014/1/21,2187.41,3700.108,2449.32,1478.884
2014/1/22,2243.796,3799.042,2513.08,1514.121
2014/1/23,2231.889,3825.486,2507.905,1499.031
2014/1/24,2245.678,3882.668,2529.273,1502.065
2014/1/27,2215.919,3881.947,2504.635,1478.865
2014/1/28,2219.855,3873.81,2506.452,1487.803
2014/1/29,2227.781,3908.45,2519.044,1494.49
2014/1/30,2202.45,3885.416,2494.149,1477.345
2014/2/7,2212.483,3957.671,2515.061,1475.343
2014/2/10,2267.534,4074.63,2580.876,1505.834
2014/2/11,2285.562,4080.378,2596.73,1528.322
2014/2/12,2291.246,4125.412,2609.295,1527.001
2014/2/13,2279.554,4064.423,2588.989,1528.015
2014/2/14,2295.575,4134.16,2614.392,1534.239
2014/2/17,2311.647,4212.745,2641.383,1538.105
2014/2/18,2282.442,4207.699,2616.444,1508.541
2014/2/19,2308.656,4207.994,2638.087,1533.396
2014/2/20,2287.436,4149.071,2610.295,1520.138
2014/2/21,2264.294,4121.917,2586.482,1505.331
2014/2/24,2214.509,4105.792,2542.658,1468.06
2014/2/25,2157.909,3961.439,2470.77,1440.892
2014/2/26,2163.405,3987.48,2479.857,1444.198
2014/2/27,2154.108,3934.727,2462.96,1452.461
2014/2/28,2178.971,3975.929,2490.651,1464.321
2014/3/3,2190.37,4058.799,2514.553,1462.686
2014/3/4,2184.273,4059.567,2509.668,1464.284
2014/3/5,2163.976,4037.784,2489.139,1448.331
2014/3/6,2173.634,4032.756,2496.211,1459.508
2014/3/7,2168.358,4012.447,2488.309,1455.585
2014/3/10,2097.787,3860.244,2403.537,1408.873
2014/3/11,2108.661,3864.26,2413.194,1412.733
2014/3/12,2114.134,3865.662,2417.946,1418.698
2014/3/13,2140.333,3907.146,2446.785,1437.392
2014/3/14,2122.836,3888.975,2429.195,1426.395
2014/3/17,2143.038,3967.15,2459.524,1434.157
2014/3/18,2138.133,3989.201,2459.349,1427.63
2014/3/19,2120.87,3980.673,2443.641,1418.707
2014/3/20,2086.967,3876.578,2397.489,1406.915
2014/3/21,2158.798,3952.392,2469.917,1464.08
2014/3/24,2176.554,3985.861,2490.399,1477.532
2014/3/25,2174.44,3991.144,2489.584,1470.121
2014/3/26,2171.047,4001.502,2488.605,1467.08
2014/3/27,2155.707,3944.044,2465.908,1464.53
2014/3/28,2151.965,3865.295,2449.035,1472.047
2014/3/31,2146.305,3840.536,2440.037,1465.783
2014/4/1,2163.115,3899.488,2464.205,1473.142
2014/4/2,2180.727,3902.043,2479.154,1491.303
2014/4/3,2165.008,3896.28,2465.204,1477.488
2014/4/4,2185.472,3939.229,2489.578,1490.334
2014/4/8,2237.316,3981.625,2539.693,1534.747
2014/4/9,2238.62,4018.547,2547.234,1530.875
2014/4/10,2273.761,4038.84,2579.723,1570.397
2014/4/11,2270.666,4021.194,2574.084,1565.308
2014/4/14,2268.613,4051.33,2577.674,1557.7
2014/4/15,2229.463,4021.906,2540.286,1523.22
2014/4/16,2232.526,4019.883,2542.452,1527.054
2014/4/17,2224.803,4014.94,2535.228,1520.562
2014/4/18,2224.479,4029.262,2537.471,1521.278
2014/4/21,2187.248,3965.337,2495.617,1493.756
2014/4/22,2196.795,3947.169,2500.294,1509.547
2014/4/23,2194.668,3929.168,2495.389,1507.041
2014/4/24,2190.474,3884.811,2484.164,1510.285
2014/4/25,2167.826,3800.681,2450.778,1501.046
2014/4/28,2134.969,3684.593,2403.385,1483.776
2014/4/29,2158.47,3738.926,2432.254,1496.009
2014/4/30,2158.659,3766.17,2437.184,1494.808
2014/5/5,2156.47,3798.288,2441.011,1487.532
2014/5/6,2157.328,3817.98,2445.168,1485.25
2014/5/7,2137.316,3749.965,2416.772,1476.176
2014/5/8,2135.496,3754.011,2415.983,1478.717
2014/5/9,2133.911,3716.022,2408.021,1480.737
2014/5/12,2180.054,3812.758,2462.962,1508.387
2014/5/13,2174.852,3806.89,2457.651,1503.517
2014/5/14,2172.372,3803.803,2455.068,1500.825
2014/5/15,2144.084,3732.337,2419.259,1488.771
2014/5/16,2145.952,3726.656,2419.802,1487.735
2014/5/19,2115.143,3705.364,2390.701,1459.212
2014/5/20,2115.771,3715.71,2393.03,1460.82
2014/5/21,2135.905,3747.334,2415.148,1474.139
2014/5/22,2130.868,3746.14,2410.791,1471.552
2014/5/23,2148.414,3786.563,2432.318,1484.375
2014/5/26,2155.976,3827.487,2445.711,1486.049
2014/5/27,2147.28,3818.322,2436.945,1479.733
2014/5/28,2169.352,3861.588,2462.697,1491.756
2014/5/29,2155.164,3821.867,2444.058,1484.307
2014/5/30,2156.464,3829.238,2446.42,1482.096
2014/6/3,2149.918,3822.716,2439.887,1477.522
2014/6/4,2128.274,3789.294,2416.21,1466.387
2014/6/5,2150.602,3832.055,2442.086,1484.241
2014/6/6,2134.716,3818.333,2426.6,1472.268
2014/6/9,2134.281,3797.429,2422.582,1475.347
2014/6/10,2161.268,3840.019,2452.264,1493.533
2014/6/11,2160.766,3858.051,2455.008,1488.764
2014/6/12,2153.41,3850.113,2447.56,1483.861
2014/6/13,2176.242,3891.557,2473.62,1502.961
2014/6/16,2191.855,3914.981,2490.588,1518.705
2014/6/17,2169.674,3879.344,2466.073,1501.939
2014/6/18,2160.239,3858.099,2454.592,1495.431
2014/6/19,2126.907,3755.694,2409.294,1478.038
2014/6/20,2136.729,3789.342,2423.243,1484.479
2014/6/23,2134.11,3815.879,2425.672,1475.76
2014/6/24,2144.821,3839.203,2438.569,1480.128
2014/6/25,2133.371,3814.03,2424.741,1469.954
2014/6/26,2149.076,3861.95,2446.027,1478.006
2014/6/27,2150.258,3889.323,2451.745,1473.756
2014/6/30,2165.118,3924.903,2470.195,1482.405
2014/7/1,2164.559,3951.726,2474.379,1481.663
2014/7/2,2170.867,3979.31,2484.373,1484.841
2014/7/3,2180.192,4019.647,2499.07,1489.545
2014/7/4,2178.695,4004.561,2495.22,1492.463
2014/7/7,2176.289,4014.488,2494.95,1492.836
2014/7/8,2180.473,4039.707,2502.779,1491.964
2014/7/9,2148.71,3982.404,2466.588,1475.137
2014/7/10,2142.847,3982.198,2461.705,1471.168
2014/7/11,2148.009,4029.751,2474.212,1468.541
2014/7/14,2171.758,4090.802,2504.426,1482.777
2014/7/15,2174.976,4093.113,2507.488,1484.662
2014/7/16,2170.868,4062.119,2498.72,1483.176
2014/7/17,2157.068,4031.44,2481.995,1473.668
2014/7/18,2164.144,4042.521,2489.765,1478.755
2014/7/21,2166.295,4030.242,2489.417,1479.837
2014/7/22,2192.698,4083.288,2520.438,1495.927
2014/7/23,2197.833,4057.113,2520.146,1506.755
2014/7/24,2237.015,4054.223,2552.036,1541.899
2014/7/25,2260.454,4089.801,2577.579,1557.015
2014/7/28,2323.897,4168.373,2643.646,1609.477
2014/7/29,2331.369,4207.862,2656.668,1611.852
2014/7/30,2322.011,4214.836,2650.141,1601.377
2014/7/31,2350.251,4257.045,2680.803,1621.847
2014/8/1,2329.402,4210.219,2655.45,1607.974
2014/8/4,2375.62,4278.847,2705.554,1644.634
2014/8/5,2369.353,4300.12,2704.06,1632.408
2014/8/6,2363.221,4328.601,2703.927,1619.012
2014/8/7,2327.457,4286.09,2666.993,1593.419
2014/8/8,2331.134,4311.697,2674.472,1595.662
2014/8/11,2365.349,4377.018,2714.079,1619.253
2014/8/12,2357.052,4399.806,2711.172,1607.91
2014/8/13,2358.901,4401.809,2713.048,1610.139
2014/8/14,2335.945,4373.504,2689.164,1596.839
2014/8/15,2360.635,4423.636,2718.264,1612.004
2014/8/18,2374.562,4483.544,2740.162,1613.127
2014/8/19,2374.768,4496.938,2742.654,1609.093
2014/8/20,2366.14,4497.399,2735.601,1600.338
2014/8/21,2354.244,4495.44,2725.427,1587.025
2014/8/22,2365.364,4521.752,2739.181,1594.183
2014/8/25,2342.863,4487.142,2714.581,1577.425
2014/8/26,2324.092,4407.588,2685.271,1573.391
2014/8/27,2327.595,4421.212,2690.528,1572.791
2014/8/28,2311.278,4381.494,2670.154,1563.889
2014/8/29,2338.287,4427.879,2700.522,1581.284
2014/9/1,2355.317,4507.442,2728.394,1586.022
2014/9/2,2386.46,4576.12,2766.044,1607.499
2014/9/3,2408.838,4608.557,2790.165,1624.032
2014/9/4,2426.224,4647.886,2811.355,1637.287
2014/9/5,2449.259,4666.474,2833.618,1656.237
2014/9/9,2445.224,4701.699,2836.391,1645.112
2014/9/10,2432.433,4709.909,2827.24,1629.985
2014/9/11,2423.454,4704.942,2818.956,1622.815
2014/9/12,2438.358,4756.949,2840.292,1630.204
2014/9/15,2437.189,4807.555,2848.097,1624.068
2014/9/16,2388.765,4645.546,2779.986,1600.916
2014/9/17,2401.326,4686.047,2797.39,1604.916
2014/9/18,2408.664,4719.009,2809.17,1609.869
2014/9/19,2425.211,4758.727,2829.734,1619.581
2014/9/22,2378.92,4694.229,2780.286,1583.886
2014/9/23,2399.462,4754.472,2807.71,1595.642
2014/9/24,2441.864,4815.71,2853.378,1625.731
2014/9/25,2436.965,4814.735,2849.16,1618.524
2014/9/26,2437.201,4829.935,2851.99,1616.088
2014/9/29,2447.799,4877.435,2868.987,1621.816
2014/9/30,2450.988,4916.119,2878.333,1619.697
2014/10/8,2478.383,4993.531,2914.402,1633.571
2014/10/9,2481.955,5004.001,2919.17,1634.042
2014/10/10,2466.789,4981.853,2902.794,1621.713
2014/10/13,2454.946,4982.681,2893.151,1605.986
2014/10/14,2446.562,4966.083,2883.343,1600.299
2014/10/15,2463.874,4987.707,2901.401,1612.772
2014/10/16,2444.395,4906.244,2871.169,1608.735
2014/10/17,2441.732,4860.732,2861.071,1608.516
2014/10/20,2454.711,4929.16,2883.67,1612.402
2014/10/21,2433.391,4884.024,2858.221,1600.844
2014/10/22,2418.641,4825.609,2835.897,1597.125
2014/10/23,2395.936,4755.231,2804.923,1586.557
2014/10/24,2390.706,4774.666,2803.974,1583.419
2014/10/27,2368.832,4809.518,2791.948,1559.906
2014/10/28,2416.653,4924.955,2851.494,1585.744
2014/10/29,2451.384,4991.755,2891.784,1608.402
2014/10/30,2468.925,4992.63,2906.43,1619.096
2014/10/31,2508.325,4986.416,2937.906,1657.286
2014/11/3,2512.548,5028.698,2948.733,1651.052
2014/11/4,2513.172,5003.47,2944.87,1645.624
2014/11/5,2503.448,4995.443,2935.443,1637.625
2014/11/6,2506.067,5024.848,2942.709,1635.964
2014/11/7,2502.153,4977.255,2931.216,1640.323
2014/11/10,2565.73,5031.001,2993.076,1689.024
2014/11/11,2558.612,4881.48,2961.248,1710.882
2014/11/12,2594.318,4965.384,3005.311,1731.021
2014/11/13,2579.75,4921.671,2985.689,1726.337
2014/11/14,2581.093,4909.609,2984.706,1728.805
2014/11/17,2567.101,4958.466,2981.62,1708.096
2014/11/18,2541.416,4967.651,2961.988,1679.423
2014/11/19,2537.223,4985.101,2961.55,1671.654
2014/11/20,2537.099,4974.626,2959.63,1676.598
2014/11/21,2583.455,5029.773,3007.507,1714.711
2014/11/24,2649.258,5112.119,3076.17,1758.096
2014/11/25,2685.561,5189.001,3119.508,1777.673
2014/11/26,2723.018,5214.21,3154.835,1820.489
2014/11/27,2754.49,5251.389,3187.294,1853.004
2014/11/28,2808.819,5245.267,3231.131,1914.44
2014/12/1,2819.812,5208.139,3233.775,1920.38
2014/12/2,2923.94,5277.657,3331.887,2021.54
2014/12/3,2967.549,5339.005,3378.568,2037.585
2014/12/4,3104.351,5451.962,3511.218,2160.66
2014/12/5,3124.885,5333.892,3507.709,2200.253
2014/12/8,3252.881,5412.674,3627.154,2298.849
2014/12/9,3106.913,5195.406,3468.835,2182.693
2014/12/10,3221.546,5374.097,3594.566,2254.823
2014/12/11,3183.012,5454.443,3576.656,2193.542
2014/12/12,3193.227,5493.2,3591.82,2193.287
2014/12/15,3217.228,5583.597,3627.611,2201.536
2014/12/16,3303.402,5606.693,3702.125,2299.278
2014/12/17,3360.598,5557.286,3739.99,2383.948
2014/12/18,3345.927,5558.045,3728.143,2364.041
2014/12/19,3383.167,5524.122,3752.484,2390.28
2014/12/22,3394.481,5305.209,3722.518,2426.684
2014/12/23,3324.924,5193.722,3645.743,2374.954
2014/12/24,3230.385,5262.365,3580.805,2270.883
2014/12/25,3335.419,5364.563,3684.899,2359.655
2014/12/26,3445.839,5422.751,3785.514,2464.819
2014/12/29,3455.455,5367.637,3783.504,2481.663
2014/12/30,3457.554,5275.085,3768.653,2523.627
2014/12/31,3533.705,5322.714,3839.385,2581.567
2015/1/5,3641.541,5417.017,3944.364,2649.639
2015/1/6,3641.059,5479.864,3955.21,2629.402
2015/1/7,3643.79,5488.242,3958.937,2635.231
2015/1/8,3559.259,5444.037,3881.915,2558.107
2015/1/9,3546.723,5409.058,3865.424,2569.019
2015/1/12,3513.576,5332.221,3824.61,2543.852
2015/1/13,3514.04,5405.091,3837.987,2527.828
2015/1/14,3502.423,5379.738,3823.964,2534.23
2015/1/15,3604.121,5449.038,3919.498,2632.89
2015/1/16,3635.146,5520.123,3957.55,2653.034
2015/1/19,3355.155,5281.895,3686.077,2410.201
2015/1/20,3396.222,5472.514,3753.665,2403.724
2015/1/21,3548.885,5611.694,3903.341,2542.318
2015/1/22,3567.613,5690.156,3932.654,2544.308
2015/1/23,3571.732,5633.289,3925.878,2564.514
2015/1/26,3607.985,5758.979,3977.928,2562.363
2015/1/27,3574.931,5773.816,3953.524,2522.103
2015/1/28,3525.323,5739.919,3906.894,2486.285
2015/1/29,3481.798,5701.205,3864.384,2442.038
2015/1/30,3434.39,5632.728,3813.397,2405.38
2015/2/2,3353.96,5609.389,3743.43,2332.533
2015/2/3,3437.445,5707.476,3829.204,2405.76
2015/2/4,3401.768,5683.519,3795.751,2372.455
2015/2/5,3366.946,5654.217,3762.044,2348.921
2015/2/6,3312.42,5534.785,3696.152,2325.241
2015/2/9,3345.921,5504.974,3718.232,2366.766
2015/2/10,3406.943,5580.704,3781.643,2403.548
2015/2/11,3434.124,5641.786,3814.768,2415.128
2015/2/12,3442.874,5681.341,3828.984,2416.449
2015/2/13,3469.828,5769.272,3866.719,2427.474
2015/2/16,3499.483,5869.713,3908.892,2431.21
2015/2/17,3522.322,5911.098,3934.952,2445.26
2015/2/25,3478.729,5906.538,3898.491,2407.457
2015/2/26,3566.295,5969.557,3981.348,2478.061
2015/2/27,3572.843,6018.463,3995.426,2474.595
2015/3/2,3601.265,6139.792,4040.309,2479.237
2015/3/3,3507.9,6118.656,3960.18,2396.805
2015/3/4,3530.822,6210.421,3995.295,2397.993
2015/3/5,3496.344,6208.988,3966.844,2366.899
2015/3/6,3478.52,6133.026,3938.717,2371.623
2015/3/9,3537.75,6212.236,4001.285,2429.867
2015/3/10,3520.611,6276.485,3998.73,2395.428
2015/3/11,3524.653,6262.892,3999.625,2408.503
2015/3/12,3592.844,6260.137,4054.983,2485.114
2015/3/13,3617.657,6329.576,4087.653,2495.277
